Reference,Qty,Value,Footprint,MPN,Manufacturer,LCSC,LC_Stock,Chosen_Distributor,Datasheet,Validated,DNP,Notes
"C1,C3,C4,C5,C20,C21,C22,C23,C24,C25,C26,C27,C28,C29,C30,C31,C32,C33,C34,C35,C36",21,100nF,0402,CL05B104KO5NNNC,Samsung Electro-Mechanics,C1525,,LCSC,https://datasheet.lcsc.com/datasheet/pdf/02336ea48ea44ca18c72517dd3cb7b47.pdf?productCode=C1525,Yes,,100nF 16V X7R ±10% 0402 Multilayer Ceramic Capacitors MLCC - SMD/SMT ROHS
C2,1,4.7uF,0805,CL21A475KAQNNNE,Samsung Electro-Mechanics,C1779,,LCSC,https://datasheet.lcsc.com/datasheet/pdf/02336ea48ea44ca18c72517dd3cb7b47.pdf?productCode=C1779,Yes,,25V 4.7uF X5R ±10% 0805 Multilayer Ceramic Capacitors MLCC - SMD/SMT ROHS
C13,1,1uF,0805,CL21B105KBFNNNE,Samsung Electro-Mechanics,C28323,,LCSC,https://datasheet.lcsc.com/datasheet/pdf/02336ea48ea44ca18c72517dd3cb7b47.pdf?productCode=C28323,Yes,,1uF 50V X7R ±10% 0805 Multilayer Ceramic Capacitors MLCC - SMD/SMT ROHS
"D1,D2,D3,D4,D5,D6,D7,D8,D9,D10,D11,D12,D13,D14,D15,D16",16,WS2812B,SMD5050-4P,XL-5050RGBC-2812B,XINGLIGHT,C2843785,,LCSC,https://datasheet.lcsc.com/datasheet/pdf/40b65f6fea0587c0483bbbd4496835fd.pdf?productCode=C2843785,Yes,,Same RGB part for D1-D16. Check pin 1 and polarity in CPL preview; firmware brightness/current limit required.
"D20,D21,D22,D23,D24,D25,D26,D27,D28,D29,D30,D31,D32,D33,D34,D35",16,1N4148W,SOD-123,1N4148W,ST(Semtech),C81598,,LCSC,https://datasheet.lcsc.com/datasheet/pdf/8abd7fc00ebe41ffb03ad1383c10753b.pdf?productCode=C81598,Yes,,"Matrix isolation: cathode (pad1) to row; anode to switch, then column. Scan one row low, others high impedance."
J1,1,TO MAIN J15 / FFC,"SMD,P=1mm,卧贴",AFA07-S06FCA-00,JUSHUO,C262712,,LCSC,https://datasheet.lcsc.com/datasheet/pdf/b01391708457137d9b8d8b493bdc4f0c.pdf?productCode=C262712,Yes,,6-way 1mm bottom-contact FFC. Molex 0151670213 Type A cable: main J15 pin n -> button J1 pin 7-n. Cable bought once per set from DigiKey; power off to insert.
"R1,R2,R3,R4,R5",5,10k,0402,0402WGF1002TCE,UNI-ROYAL,C25744,,LCSC,https://datasheet.lcsc.com/datasheet/pdf/0a975aaa49b7c97f38a963127be4a823.pdf?productCode=C25744,Yes,,-55℃~+155℃ 10kΩ 50V 62.5mW Thick Film Resistor ±1% ±100ppm/℃ 0402 Chip Resistor - Surface Mount ROHS
"R6,R7,R26",3,100k,0402,0402WGF1003TCE,UNI-ROYAL,C25741,,LCSC,https://datasheet.lcsc.com/datasheet/pdf/0a975aaa49b7c97f38a963127be4a823.pdf?productCode=C25741,Yes,,-55℃~+155℃ 100kΩ 50V 62.5mW Thick Film Resistor ±1% ±100ppm/℃ 0402 Chip Resistor - Surface Mount ROHS
R11,1,330,0402,0402WGF3300TCE,UNI-ROYAL,C25104,,LCSC,https://datasheet.lcsc.com/datasheet/pdf/0a975aaa49b7c97f38a963127be4a823.pdf?productCode=C25104,Yes,,-55℃~+155℃ 330Ω 50V 62.5mW Thick Film Resistor ±1% ±100ppm/℃ 0402 Chip Resistor - Surface Mount ROHS
"SW1,SW2,SW3,SW4,SW5,SW6,SW7,SW8,SW9,SW10,SW11,SW12,SW13,SW14,SW15,SW16",16,SW_Push,"SMD-4P,5.1x5.1mm",TS-1187A-B-A-B,XKB Connection,C318884,,LCSC,https://datasheet.lcsc.com/datasheet/pdf/56c8799ae5193945a16a1ffbe378246a.pdf?productCode=C318884,Yes,,
U1,1,STM32G030F6P6TR,TSSOP-20,STM32G030F6P6TR,ST,C529330,,LCSC,https://datasheet.lcsc.com/datasheet/pdf/753f35401d4598e355b1dd55569495e1.pdf?productCode=C529330,Yes,,Use owned JLCPCB private stock for five button boards. I2C target 0x20; requires separate button-board firmware and SWD programming.
U2,1,USBLC6-2SC6,SOT-23-6L,USBLC6-2SC6,ST,C7519,,LCSC,https://datasheet.lcsc.com/datasheet/pdf/0d3a2ab954b34651a0695e7ccf534db0.pdf?productCode=C7519,Yes,,
U8,1,74AHCT1G125,SOT-23-5,SN74AHCT1G125DBVR,TI,C7484,,LCSC,https://datasheet.lcsc.com/datasheet/pdf/74b1f7dfbe12452e8a365e0596ae902b.pdf?productCode=C7484,Yes,,AHCT with TTL-compatible input at 5 V required; do not substitute AHC/HC.
