"Item","Designator","Comment","Footprint","Qty","LCSC Part #","MPN","Manufacturer","Notes"
"1","C1,C3,C4,C5,C20,C21,C22,C23,C24,C25,C26,C27,C28,C29,C30,C31,C32,C33,C34,C35,C36","100nF","Capacitor_SMD:C_0402_1005Metric","21","C1525","CL05B104KO5NNNC","Samsung Electro-Mechanics","100nF 16V X7R ±10% 0402 Multilayer Ceramic Capacitors MLCC - SMD/SMT ROHS"
"2","C2","4.7uF","Capacitor_SMD:C_0805_2012Metric","1","C1779","CL21A475KAQNNNE","Samsung Electro-Mechanics","25V 4.7uF X5R ±10% 0805 Multilayer Ceramic Capacitors MLCC - SMD/SMT ROHS"
"3","C13","1uF","Capacitor_SMD:C_0805_2012Metric","1","C28323","CL21B105KBFNNNE","Samsung Electro-Mechanics","1uF 50V X7R ±10% 0805 Multilayer Ceramic Capacitors MLCC - SMD/SMT ROHS"
"4","D1,D2,D3,D4,D5,D6,D7,D8,D9,D10,D11,D12,D13,D14,D15,D16","WS2812B","notchdeck:LED_XINGLIGHT_XL-5050RGBC-2812B","16","C2843785","XL-5050RGBC-2812B","XINGLIGHT","Same RGB part for D1-D16. Check pin 1 and polarity in CPL preview; firmware brightness/current limit required."
"5","D20,D21,D22,D23,D24,D25,D26,D27,D28,D29,D30,D31,D32,D33,D34,D35","1N4148W","Diode_SMD:D_SOD-123","16","C81598","1N4148W","ST(Semtech)","Matrix isolation: cathode (pad1) to row; anode to switch, then column. Scan one row low, others high impedance."
"6","J1","TO MAIN J15 / FFC","Connector_FFC-FPC:JUSHUO_AFA07-S06FCA-00_1x6-1MP_P1.0mm_Horizontal","1","C262712","AFA07-S06FCA-00","JUSHUO","6-way 1mm bottom-contact FFC. Molex 0151670213 Type A cable: main J15 pin n -> button J1 pin 7-n. Cable bought once per set from DigiKey; power off to insert."
"7","R1,R2,R3,R4,R5","10k","Resistor_SMD:R_0402_1005Metric","5","C25744","0402WGF1002TCE","UNI-ROYAL","-55℃~+155℃ 10kΩ 50V 62.5mW Thick Film Resistor ±1% ±100ppm/℃ 0402 Chip Resistor - Surface Mount ROHS"
"8","R6,R7,R26","100k","Resistor_SMD:R_0402_1005Metric","3","C25741","0402WGF1003TCE","UNI-ROYAL","-55℃~+155℃ 100kΩ 50V 62.5mW Thick Film Resistor ±1% ±100ppm/℃ 0402 Chip Resistor - Surface Mount ROHS"
"9","R11","330","Resistor_SMD:R_0402_1005Metric","1","C25104","0402WGF3300TCE","UNI-ROYAL","-55℃~+155℃ 330Ω 50V 62.5mW Thick Film Resistor ±1% ±100ppm/℃ 0402 Chip Resistor - Surface Mount ROHS"
"10","SW1,SW2,SW3,SW4,SW5,SW6,SW7,SW8,SW9,SW10,SW11,SW12,SW13,SW14,SW15,SW16","SW_Push","Button_Switch_SMD:SW_Push_1P1T_XKB_TS-1187A","16","C318884","TS-1187A-B-A-B","XKB Connection",""
"11","U1","STM32G030F6P6TR","Package_SO:TSSOP-20_4.4x6.5mm_P0.65mm","1","C529330","STM32G030F6P6TR","ST","Use owned JLCPCB private stock for five button boards. I2C target 0x20; requires separate button-board firmware and SWD programming."
"12","U2","USBLC6-2SC6","Package_TO_SOT_SMD:SOT-23-6","1","C7519","USBLC6-2SC6","ST",""
"13","U8","74AHCT1G125","Package_TO_SOT_SMD:SOT-23-5","1","C7484","SN74AHCT1G125DBVR","TI","AHCT with TTL-compatible input at 5 V required; do not substitute AHC/HC."
